<?xml version="1.0" encoding="UTF-8" ?>
<!DOCTYPE mapper PUBLIC "-//mybatis.org//DTD Mapper 3.0//EN" 
	"http://mybatis.org/dtd/mybatis-3-mapper.dtd">

<mapper namespace="com.ssafy.trip.model.mapper.TripMapper">

	<resultMap type="tripListDto" id="planInfo">
		<result column="id" property="id"/>
		<result column="user_id" property="userId"/>
		<result column="title" property="title"/>
		<result column="description" property="description"/>
	</resultMap>
	
	<resultMap type="tripDto" id="tripInfo">
		<result column="id" property="id"/>
		<result column="content_id" property="contentId"/>
		<result column="content_type_id" property="contentTypeId"/>
		<result column="type_name" property="typeName"/>
		<result column="thumbnail_image_id" property="thumbnailImageId"/>
		<result column="title" property="title"/>
		<result column="tel" property="tel"/>
		<result column="url" property="imageUrl"/>
		<result column="description" property="description"/>
		<result column="sido_code" property="sidoCode"/>
		<result column="gugun_code" property="gugunCode"/>
		<result column="sido_name" property="sidoName"/>
		<result column="gugun_name" property="gugunName"/>
		<result column="address" property="address"/>
		<result column="latitude" property="latitude"/>
		<result column="longitude" property="longitude"/>

	</resultMap>

	  <select id="locationInfo" parameterType="map">
		select latitude, longitude
		from locations
		<where>
			<if test="input != ''">
			    <foreach collection="keywords" item="keyword" open="(" separator=" and " close=")">
			            city like concat('%', #{keyword}, '%')
			     </foreach>
			</if>
		</where>
		LIMIT 1
	</select>
	
	<insert id="insertList" parameterType="map" useGeneratedKeys="true" keyProperty="listId">
		insert into list (user_id, title, description)
    	(select id, #{title}, #{description}
	    from members
	    where user_id = #{userId})
	</insert>
	

    <insert id="insertAttractionList" parameterType="map">
        insert into attraction_list (list_id, content_id)
        values
        <foreach item="contentId" collection="contentIdList" separator=",">
            (#{listId}, #{contentId})
        </foreach>
    </insert>

	
	<select id="listTripInfo" parameterType="map" resultMap="tripInfo">
		select ad.id, at.content_id,ct.content_type_id, at.title,ad.latitude,ad.longitude,i.url, ct.type_name, at.tel, at.description, ad.address,
		ST_DISTANCE_SPHERE(
        	POINT(ad.longitude, ad.latitude),
        	POINT(#{longitude}, #{latitude})
    	) AS distance
		from attraction at
		join address ad on ad.content_id = at.content_id
		join content_type ct on at.content_id = ct.content_id
		join image i on at.thumbnail_image_id = i.id
		<where>
			<if test="input != ''">
			    <foreach collection="keywords" item="keyword" open="(" separator=" and " close=")">
			            ad.address like concat('%', #{keyword}, '%')
			     </foreach>
			</if>
		     <if test="contentTypeId != null">
            	and ct.content_type_id = #{contentTypeId}
        	</if>
		</where>
		having distance &lt;1000
		order by ct.content_id desc
		limit 10
	</select>
	

	<select id="getPlanLists" parameterType="map" resultMap="planInfo">
		select l.id,l.user_id,l.title, l.description
	    from list l
	    join members m on l.user_id = m.id
	    where m.user_id = #{userId}
	</select>
	
	<delete id="deleteList" parameterType="int">
		delete from list
	    where id = #{id}
	</delete>
	<delete id="deleteAttractionList" parameterType="int">
		delete from attraction_list
	    where list_id = #{id}
	</delete>
	
	<select id="listTripInfoById" parameterType="int" resultMap="tripInfo">
		select at.title, i.url, at.description
	    from attraction at
	    join image i on at.thumbnail_image_id = i.id
	    where at.content_id in (
	        select al.content_id
	        from attraction_list al
	        where al.list_id = #{id}
	    )
	</select>
	
</mapper>